{
  "botmico.en-us": {
    "rootDialog": true,
    "triggers": {
      "": [
        "greeting.en-us"
      ],
      "Cancel": [
        "cancel.en-us"
      ],
      "Help": [
        "help.en-us"
      ],
      "wiki": [
        "wiki.en-us"
      ],
      "fikra": [
        "fikra.en-us"
      ],
      "selamlama": [
        "selamlama.en-us"
      ],
      "haber": [
        "haberler.en-us"
      ],
      "doviz": [
        "doviz.en-us"
      ],
      "havadurumu": [
        "havadurumu.en-us"
      ],
      "feedback": [
        "feedback.en-us"
      ],
      "yemek": [
        "yemek.en-us"
      ],
      "tarif": [
        "tarif.en-us"
      ],
      "sorun": [
        "sorun.en-us"
      ],
      "vizyon": "",
      "etkinlik": "",
      "ekip": ""
    }
  }
}
